CellID	orig.ident	nCount_Spatial	nFeature_Spatial	annotations	sampleid	patient_id	suffix	new_patient_id	condition	percent.mt	nCount_SCT	nFeature_SCT	SCT_snn_res.0.5	seurat_clusters
AAACCGTTCGTCCAGG-1	SeuratProject	16211	5363	Normal Epithelium	M10_CL-like4	GSM6592057	M10	p4_normal	normal	3.55314292764172	3011	1929	1	1
AAAGAATGACCTTAGA-1	SeuratProject	2439	1289		M10_CL-like4	GSM6592057	M10	p4_normal	normal	5.69905699056991	2489	1266	0	0
AAAGGCTACGGACCAT-1	SeuratProject	1657	909		M10_CL-like4	GSM6592057	M10	p4_normal	normal	3.74170187085094	2235	894	0	0
AAAGGCTCTCGCGCCG-1	SeuratProject	9874	4380	Normal Epithelium	M10_CL-like4	GSM6592057	M10	p4_normal	normal	1.23556815880089	2534	1648	1	1
AAATCGTGTACCACAA-1	SeuratProject	372	285		M10_CL-like4	GSM6592057	M10	p4_normal	normal	6.72043010752688	1752	501	0	0
AAATCTGCCCGCGTCC-1	SeuratProject	2720	1385		M10_CL-like4	GSM6592057	M10	p4_normal	normal	4.66911764705882	2699	1371	2	2
AACATTGTGACTCGAG-1	SeuratProject	14895	4586		M10_CL-like4	GSM6592057	M10	p4_normal	normal	1.85297079556898	2700	1452	0	0
AACCTTTAAATACGGT-1	SeuratProject	812	547		M10_CL-like4	GSM6592057	M10	p4_normal	normal	4.43349753694581	1972	622	0	0
AACGATAATGCCGTAG-1	SeuratProject	817	580		M10_CL-like4	GSM6592057	M10	p4_normal	normal	5.26315789473684	1971	650	0	0
AACGTACTGTGGGTAC-1	SeuratProject	6971	2637	Fibrosis	M10_CL-like4	GSM6592057	M10	p4_normal	normal	3.71539233969301	3309	1942	0	0
AACTAGGCTTGGGTGT-1	SeuratProject	3124	1532	Fibrosis	M10_CL-like4	GSM6592057	M10	p4_normal	normal	4.70550576184379	2916	1511	0	0
AAGACCCAACTGAACA-1	SeuratProject	2848	1363		M10_CL-like4	GSM6592057	M10	p4_normal	normal	5.12640449438202	2774	1345	0	0
AAGCATACTCTCCTGA-1	SeuratProject	2472	1361	Fibrosis	M10_CL-like4	GSM6592057	M10	p4_normal	normal	4.85436893203883	2512	1345	0	0
AAGCTAGATCGAGTAA-1	SeuratProject	648	474	Fibrosis	M10_CL-like4	GSM6592057	M10	p4_normal	normal	2.62345679012346	1834	592	0	0
AAGTGAGTCGGGTTTA-1	SeuratProject	3810	1798		M10_CL-like4	GSM6592057	M10	p4_normal	normal	3.80577427821522	3161	1773	0	0
AATAACACTAGAACAA-1	SeuratProject	9798	3803	Fibrosis	M10_CL-like4	GSM6592057	M10	p4_normal	normal	5.6746274749949	2537	1389	1	1
AATAGAACAGAGTGGC-1	SeuratProject	18179	6045		M10_CL-like4	GSM6592057	M10	p4_normal	normal	0.951647505363331	3155	2168	1	1
AATAGTCCGTCCCGAC-1	SeuratProject	2186	1173	Fibrosis	M10_CL-like4	GSM6592057	M10	p4_normal	normal	3.75114364135407	2405	1162	0	0
AATTAACGGATTTCCA-1	SeuratProject	2140	1239	Fibrosis	M10_CL-like4	GSM6592057	M10	p4_normal	normal	5.37383177570093	2338	1220	0	0
AATTAGCGCTGCAGCG-1	SeuratProject	2885	1409	Fibrosis	M10_CL-like4	GSM6592057	M10	p4_normal	normal	4.95667244367418	2802	1397	0	0
AATTCTAGAGTTAGGC-1	SeuratProject	946	587		M10_CL-like4	GSM6592057	M10	p4_normal	normal	6.34249471458774	2107	633	0	0
ACACTGATCAAGGTGT-1	SeuratProject	4868	2849		M10_CL-like4	GSM6592057	M10	p4_normal	normal	0.698438783894823	3515	2724	1	1
ACAGGTGGAGGTGAGG-1	SeuratProject	9511	3893	Normal Epithelium	M10_CL-like4	GSM6592057	M10	p4_normal	normal	4.26874145726002	2601	1502	1	1
ACATCCCGGCCATACG-1	SeuratProject	4808	2424	Normal Epithelium	M10_CL-like4	GSM6592057	M10	p4_normal	normal	2.70382695507488	3391	2350	1	1
ACATTAGTTTATATCC-1	SeuratProject	3293	1628	Fibrosis	M10_CL-like4	GSM6592057	M10	p4_normal	normal	4.09960522320073	2986	1610	0	0
ACCAACGCTTATTTAT-1	SeuratProject	5274	2641		M10_CL-like4	GSM6592057	M10	p4_normal	normal	2.5028441410694	3513	2446	1	1
ACCCGGAAACTCCCAG-1	SeuratProject	907	593	Fibrosis	M10_CL-like4	GSM6592057	M10	p4_normal	normal	4.1896361631753	2062	656	0	0
ACCCGTGTCATCAGTA-1	SeuratProject	4347	1882	Fibrosis	M10_CL-like4	GSM6592057	M10	p4_normal	normal	4.50885668276973	3195	1848	0	0
ACCCTATGCCATATCG-1	SeuratProject	11130	4382	Normal Epithelium	M10_CL-like4	GSM6592057	M10	p4_normal	normal	3.04582210242588	2708	1637	1	1
ACGCAAACTAATAGAT-1	SeuratProject	4455	2036		M10_CL-like4	GSM6592057	M10	p4_normal	normal	4.62401795735129	3203	1980	0	0
ACGCGAAGTCAGACGA-1	SeuratProject	1498	969	Fibrosis	M10_CL-like4	GSM6592057	M10	p4_normal	normal	4.00534045393858	2146	971	0	0
ACGGCACTTGCTTGGG-1	SeuratProject	3113	1671	Fibrosis	M10_CL-like4	GSM6592057	M10	p4_normal	normal	3.98329585608738	2917	1651	0	0
ACGGCCAACATGGACT-1	SeuratProject	4672	2405	Normal Epithelium	M10_CL-like4	GSM6592057	M10	p4_normal	normal	2.97517123287671	3382	2340	1	1
ACGTCGGGCAACTCGG-1	SeuratProject	7516	3507		M10_CL-like4	GSM6592057	M10	p4_normal	normal	5.29536987759446	3345	2301	2	2
ACGTTCGTTCAGGAAA-1	SeuratProject	2579	1399		M10_CL-like4	GSM6592057	M10	p4_normal	normal	6.28150445909267	2572	1378	1	1
ACTACAAAGAGAGGTG-1	SeuratProject	212	160		M10_CL-like4	GSM6592057	M10	p4_normal	normal	6.60377358490566	1671	476	0	0
ACTACGCGTTAGAATT-1	SeuratProject	2506	1277		M10_CL-like4	GSM6592057	M10	p4_normal	normal	5.06783719074222	2543	1260	0	0
ACTCCCTAATGCTAAA-1	SeuratProject	2230	1291		M10_CL-like4	GSM6592057	M10	p4_normal	normal	3.81165919282511	2386	1272	2	2
ACTTCCAGTGGAAGCT-1	SeuratProject	707	499		M10_CL-like4	GSM6592057	M10	p4_normal	normal	8.34512022630834	1850	614	0	0
ACTTGCTCTATCTACC-1	SeuratProject	4676	2247		M10_CL-like4	GSM6592057	M10	p4_normal	normal	5.23952095808383	3292	2169	2	2
AGACCCACCGCTGATC-1	SeuratProject	887	537	Fibrosis	M10_CL-like4	GSM6592057	M10	p4_normal	normal	6.8771138669673	2096	605	0	0
AGACTGTTACCGGGTC-1	SeuratProject	2514	1315		M10_CL-like4	GSM6592057	M10	p4_normal	normal	6.16547334924423	2535	1290	1	1
AGCAGCCAGATGAATA-1	SeuratProject	4389	1965	Fibrosis	M10_CL-like4	GSM6592057	M10	p4_normal	normal	3.82775119617225	3192	1922	0	0
AGCCAAGCTTTGTGTC-1	SeuratProject	16409	4045		M10_CL-like4	GSM6592057	M10	p4_normal	normal	1.15790115180694	2498	978	0	0
AGCCCGGTAGCCTGTA-1	SeuratProject	1424	815	Fibrosis	M10_CL-like4	GSM6592057	M10	p4_normal	normal	4.63483146067416	2196	827	0	0
AGCCTTGTCACTGATA-1	SeuratProject	4819	2113		M10_CL-like4	GSM6592057	M10	p4_normal	normal	3.58995642249429	3323	2029	2	2
AGCGACAGGAACGGTC-1	SeuratProject	4016	2013	Fibrosis	M10_CL-like4	GSM6592057	M10	p4_normal	normal	5.80179282868526	3231	1970	1	1
AGCGCATAATGAATCG-1	SeuratProject	1718	1017	Fibrosis	M10_CL-like4	GSM6592057	M10	p4_normal	normal	3.9580908032596	2230	1006	0	0
AGGATAAAGTCGGGAT-1	SeuratProject	2108	1245	Fibrosis	M10_CL-like4	GSM6592057	M10	p4_normal	normal	4.41176470588235	2337	1235	0	0
AGGCAGGGAGCGTACT-1	SeuratProject	1761	973	Fibrosis	M10_CL-like4	GSM6592057	M10	p4_normal	normal	5.6785917092561	2276	969	0	0
AGGCTTCCCGAAGAAG-1	SeuratProject	7713	2990	Fibrosis	M10_CL-like4	GSM6592057	M10	p4_normal	normal	3.52651367820563	2873	1597	0	0
AGGGACTCTACGCGAC-1	SeuratProject	6676	3077	Normal Epithelium	M10_CL-like4	GSM6592057	M10	p4_normal	normal	2.74116237267825	3551	2464	0	0
AGGTGGTGACCTTCGC-1	SeuratProject	22768	3993		M10_CL-like4	GSM6592057	M10	p4_normal	normal	0.860857343640197	2244	441	0	0
AGTATTTGGCACGACC-1	SeuratProject	2809	1428	Fibrosis	M10_CL-like4	GSM6592057	M10	p4_normal	normal	4.41438234247063	2760	1410	0	0
AGTCGAAACGATTCAG-1	SeuratProject	3076	1652		M10_CL-like4	GSM6592057	M10	p4_normal	normal	5.39661898569571	2897	1621	2	2
AGTGACCTACTTTACG-1	SeuratProject	396	268		M10_CL-like4	GSM6592057	M10	p4_normal	normal	5.55555555555556	1815	484	0	0
AGTGATATGAGTAGTT-1	SeuratProject	801	508		M10_CL-like4	GSM6592057	M10	p4_normal	normal	4.24469413233458	2045	590	0	0
ATAAACGGACCCGTAA-1	SeuratProject	1556	857	Fibrosis	M10_CL-like4	GSM6592057	M10	p4_normal	normal	4.88431876606684	2210	847	0	0
ATAAGGTGGAGAACAT-1	SeuratProject	1830	1051	Fibrosis	M10_CL-like4	GSM6592057	M10	p4_normal	normal	5.68306010928962	2245	1040	0	0
ATAAGTTACCGCGACG-1	SeuratProject	2394	1232		M10_CL-like4	GSM6592057	M10	p4_normal	normal	3.46700083542189	2493	1223	0	0
ATACCTAACCAAGAAA-1	SeuratProject	2293	1258	Fibrosis	M10_CL-like4	GSM6592057	M10	p4_normal	normal	4.8844308765809	2428	1241	0	0
ATACGAGGTTTGTAAG-1	SeuratProject	1270	689		M10_CL-like4	GSM6592057	M10	p4_normal	normal	4.40944881889764	2386	710	0	0
ATCATTGTACCGCATT-1	SeuratProject	1430	874		M10_CL-like4	GSM6592057	M10	p4_normal	normal	8.32167832167832	2163	875	0	0
ATCCAGAGCAACAACC-1	SeuratProject	1714	1191		M10_CL-like4	GSM6592057	M10	p4_normal	normal	1.57526254375729	2118	1175	0	0
ATCCTACCTAAGCTCT-1	SeuratProject	400	280		M10_CL-like4	GSM6592057	M10	p4_normal	normal	4.25	1815	488	0	0
ATCCTGCGTGGAATGG-1	SeuratProject	799	460		M10_CL-like4	GSM6592057	M10	p4_normal	normal	3.12891113892365	2054	550	0	0
ATCTAATATCCTACGG-1	SeuratProject	2297	1331		M10_CL-like4	GSM6592057	M10	p4_normal	normal	4.83239007400958	2398	1304	2	2
ATGATGCAATGGTACA-1	SeuratProject	418	289		M10_CL-like4	GSM6592057	M10	p4_normal	normal	4.78468899521531	1842	481	0	0
ATTACGGGCTACGGTT-1	SeuratProject	2701	1526		M10_CL-like4	GSM6592057	M10	p4_normal	normal	6.47908182154757	2678	1505	2	2
ATTCACTGATGTTGGA-1	SeuratProject	1554	981		M10_CL-like4	GSM6592057	M10	p4_normal	normal	3.98970398970399	2144	972	0	0
ATTCATATACTGTCCA-1	SeuratProject	776	481	Fibrosis	M10_CL-like4	GSM6592057	M10	p4_normal	normal	4.51030927835052	2014	581	0	0
ATTTGGAGATTGCGGT-1	SeuratProject	1464	968		M10_CL-like4	GSM6592057	M10	p4_normal	normal	8.81147540983607	2117	966	0	0
CAAACGAGTATCGCAG-1	SeuratProject	4843	1668		M10_CL-like4	GSM6592057	M10	p4_normal	normal	3.40697914515796	3156	1590	0	0
CAAATGTCCTTCCGTG-1	SeuratProject	950	560		M10_CL-like4	GSM6592057	M10	p4_normal	normal	5.36842105263158	2184	609	0	0
CAACTGCTCATCCGAT-1	SeuratProject	2871	1381		M10_CL-like4	GSM6592057	M10	p4_normal	normal	4.84151863462208	2779	1358	0	0
CAAGCGGCACATAATT-1	SeuratProject	5206	2330		M10_CL-like4	GSM6592057	M10	p4_normal	normal	4.22589320015367	3436	2184	2	2
CAAGTCGTTGAAATCT-1	SeuratProject	1471	754		M10_CL-like4	GSM6592057	M10	p4_normal	normal	5.84636301835486	2277	771	0	0
CAATTGGGCCGCACTC-1	SeuratProject	836	580		M10_CL-like4	GSM6592057	M10	p4_normal	normal	9.21052631578947	1973	654	0	0
CACAGGGCCGTTGTCA-1	SeuratProject	1803	933		M10_CL-like4	GSM6592057	M10	p4_normal	normal	3.43871325568497	2318	923	0	0
CACCCGGTTTGTGACT-1	SeuratProject	14485	5091	Normal Epithelium	M10_CL-like4	GSM6592057	M10	p4_normal	normal	3.56230583362099	2968	1900	1	1
CACCGTTAGGGATCAC-1	SeuratProject	10017	3451	Fibrosis	M10_CL-like4	GSM6592057	M10	p4_normal	normal	4.23280423280423	2435	1142	1	1
CACGTCGGCAACCTCT-1	SeuratProject	2957	1499	Fibrosis	M10_CL-like4	GSM6592057	M10	p4_normal	normal	6.42543118025025	2839	1478	0	0
CACTCCTATGTAAGAT-1	SeuratProject	3984	1930	Fibrosis	M10_CL-like4	GSM6592057	M10	p4_normal	normal	8.60943775100402	3218	1889	1	1
CACTCTCAAGCATCGA-1	SeuratProject	415	279		M10_CL-like4	GSM6592057	M10	p4_normal	normal	7.2289156626506	1874	484	0	0
CAGACACCGATCGCTG-1	SeuratProject	2706	1485	Fibrosis	M10_CL-like4	GSM6592057	M10	p4_normal	normal	2.62379896526238	2673	1459	0	0
CAGACGAACCTGATAC-1	SeuratProject	1798	1234		M10_CL-like4	GSM6592057	M10	p4_normal	normal	2.44716351501669	2163	1212	0	0
CAGAGACGGTCACCCA-1	SeuratProject	2136	1310		M10_CL-like4	GSM6592057	M10	p4_normal	normal	2.94943820224719	2323	1290	0	0
CAGAGGCGATGCATGA-1	SeuratProject	2340	1347		M10_CL-like4	GSM6592057	M10	p4_normal	normal	2.35042735042735	2428	1330	0	0
CAGCGATTCCCTTCAA-1	SeuratProject	16068	5440	Fibrosis	M10_CL-like4	GSM6592057	M10	p4_normal	normal	3.63455314911626	2988	1933	1	1
CAGGCGCCATGCTAGG-1	SeuratProject	243	194		M10_CL-like4	GSM6592057	M10	p4_normal	normal	7.81893004115226	1633	490	0	0
CAGTAAGGGACGTCTC-1	SeuratProject	1838	1035		M10_CL-like4	GSM6592057	M10	p4_normal	normal	5.8759521218716	2256	1018	2	2
CATACACAAAGTCAGC-1	SeuratProject	528	379		M10_CL-like4	GSM6592057	M10	p4_normal	normal	6.43939393939394	1788	545	0	0
CATACACGGTTCCCAC-1	SeuratProject	5078	2388		M10_CL-like4	GSM6592057	M10	p4_normal	normal	4.72627018511225	3407	2265	0	0
CATAGCGTTGCCCACC-1	SeuratProject	29589	7391	Normal Epithelium	M10_CL-like4	GSM6592057	M10	p4_normal	normal	2.26435499678935	2976	1890	1	1
CATGCGTTGAGAGGAG-1	SeuratProject	670	378		M10_CL-like4	GSM6592057	M10	p4_normal	normal	5.97014925373134	2094	505	0	0
CATTTGAGTGGTACGT-1	SeuratProject	1677	1180		M10_CL-like4	GSM6592057	M10	p4_normal	normal	1.55038759689922	2113	1171	0	0
CCAAGAAAGTGGGCGA-1	SeuratProject	2516	1495		M10_CL-like4	GSM6592057	M10	p4_normal	normal	3.81558028616852	2523	1475	1	1
CCAGAAAGCAACTCAT-1	SeuratProject	4791	2170	Fibrosis	M10_CL-like4	GSM6592057	M10	p4_normal	normal	5.5312043414736	3306	2090	0	0
CCAGTCTTGTCATAGA-1	SeuratProject	4525	2178		M10_CL-like4	GSM6592057	M10	p4_normal	normal	4.28729281767956	3275	2126	0	0
CCATCGCAGTTAAACT-1	SeuratProject	1346	855	Fibrosis	M10_CL-like4	GSM6592057	M10	p4_normal	normal	3.86329866270431	2220	874	0	0
CCATTTCTACCTATTA-1	SeuratProject	2364	1350	Tumor cells ?	M10_CL-like4	GSM6592057	M10	p4_normal	normal	3.63790186125212	2449	1337	2	2
CCCGCAAATAATCATC-1	SeuratProject	1607	690		M10_CL-like4	GSM6592057	M10	p4_normal	normal	3.98257622899813	2332	702	0	0
CCCGCAGCGCGAACTA-1	SeuratProject	1579	719	Fibrosis	M10_CL-like4	GSM6592057	M10	p4_normal	normal	3.54654844838505	2325	732	0	0
CCCGGGTCGTTCAGGG-1	SeuratProject	13722	3199		M10_CL-like4	GSM6592057	M10	p4_normal	normal	1.38463780789972	2451	837	0	0
CCCGTAGCTGGGAAGA-1	SeuratProject	6904	2976	Fibrosis	M10_CL-like4	GSM6592057	M10	p4_normal	normal	5.41714947856315	3472	2253	1	1
CCCTAGCTCTAAGGTC-1	SeuratProject	1779	672		M10_CL-like4	GSM6592057	M10	p4_normal	normal	2.86677908937605	2400	665	0	0
CCCTTTGACAGGTCTT-1	SeuratProject	2454	1497		M10_CL-like4	GSM6592057	M10	p4_normal	normal	3.05623471882641	2493	1486	0	0
CCGAACCTTCCCGGCC-1	SeuratProject	783	541	Fibrosis	M10_CL-like4	GSM6592057	M10	p4_normal	normal	5.74712643678161	1909	650	0	0
CCGCATGTGGTACGAT-1	SeuratProject	2391	1344	Tumor cells ?	M10_CL-like4	GSM6592057	M10	p4_normal	normal	4.1823504809703	2455	1316	2	2
CCGCGCAAGATACCCA-1	SeuratProject	2081	1023		M10_CL-like4	GSM6592057	M10	p4_normal	normal	6.19894281595387	2383	1010	0	0
CCGCGGAATGCGTCAC-1	SeuratProject	15750	5098	Normal Epithelium	M10_CL-like4	GSM6592057	M10	p4_normal	normal	4.41904761904762	2923	1726	1	1
CCGGAGCGTACTTTCT-1	SeuratProject	6780	2611		M10_CL-like4	GSM6592057	M10	p4_normal	normal	3.27433628318584	3318	1981	0	0
CCGGCCGCGAGCATAT-1	SeuratProject	1039	693		M10_CL-like4	GSM6592057	M10	p4_normal	normal	7.79595765158807	2139	735	0	0
CCGGTTTGTAATTGTG-1	SeuratProject	14223	5146	Normal Epithelium	M10_CL-like4	GSM6592057	M10	p4_normal	normal	2.54517331083456	3009	1957	1	1
CCTATACCGTCCTGTC-1	SeuratProject	6791	3055	Fibrosis	M10_CL-like4	GSM6592057	M10	p4_normal	normal	3.88749815932852	3535	2400	1	1
CCTATATTTGTCCTGG-1	SeuratProject	2765	1397		M10_CL-like4	GSM6592057	M10	p4_normal	normal	4.15913200723327	2719	1373	0	0
CCTATTATTCCGGCCG-1	SeuratProject	2999	1463		M10_CL-like4	GSM6592057	M10	p4_normal	normal	3.96798932977659	2854	1447	0	0
CCTCGCGCTGTGCGAT-1	SeuratProject	2956	1524		M10_CL-like4	GSM6592057	M10	p4_normal	normal	3.61975642760487	2840	1507	2	2
CCTCTGTACTATTCTA-1	SeuratProject	2610	1486	Fibrosis	M10_CL-like4	GSM6592057	M10	p4_normal	normal	4.25287356321839	2597	1465	0	0
CCTTCAGTTAAAGTGA-1	SeuratProject	2142	1191		M10_CL-like4	GSM6592057	M10	p4_normal	normal	4.52847805788982	2342	1168	0	0
CCTTGTGAACGTGGTT-1	SeuratProject	714	454		M10_CL-like4	GSM6592057	M10	p4_normal	normal	4.34173669467787	1984	567	0	0
CCTTTAAGGGAGCACT-1	SeuratProject	2656	1339	Fibrosis	M10_CL-like4	GSM6592057	M10	p4_normal	normal	4.7816265060241	2645	1326	0	0
CGAACCCGCATGCGTC-1	SeuratProject	1602	972		M10_CL-like4	GSM6592057	M10	p4_normal	normal	2.74656679151061	2173	969	0	0
CGAATGACGCATAATG-1	SeuratProject	2438	1054		M10_CL-like4	GSM6592057	M10	p4_normal	normal	2.78917145200984	2528	1036	0	0
CGAGGGTATCCAGGTG-1	SeuratProject	14690	3042		M10_CL-like4	GSM6592057	M10	p4_normal	normal	1.43635125936011	2430	703	0	0
CGATTAAATATCTCCT-1	SeuratProject	3368	1719	Fibrosis	M10_CL-like4	GSM6592057	M10	p4_normal	normal	3.5332541567696	3020	1688	2	2
CGCCCAGCACGCCTAG-1	SeuratProject	2211	1191	Fibrosis	M10_CL-like4	GSM6592057	M10	p4_normal	normal	4.7037539574853	2409	1182	0	0
CGCGCATGTTTGATTG-1	SeuratProject	1723	1176		M10_CL-like4	GSM6592057	M10	p4_normal	normal	2.26349390597795	2168	1169	0	0
CGCGTGGGCCTGTGTT-1	SeuratProject	3921	1855		M10_CL-like4	GSM6592057	M10	p4_normal	normal	5.89135424636572	3176	1805	2	2
CGCTGTGTGGATGTTG-1	SeuratProject	3898	1974		M10_CL-like4	GSM6592057	M10	p4_normal	normal	5.66957414058492	3213	1929	1	1
CGGAAAGAATCAAACG-1	SeuratProject	2295	1238	Fibrosis	M10_CL-like4	GSM6592057	M10	p4_normal	normal	4.83660130718954	2440	1224	0	0
CGGAACGTAAACATAG-1	SeuratProject	4315	1575	Fibrosis	M10_CL-like4	GSM6592057	M10	p4_normal	normal	4.0324449594438	3109	1534	0	0
CGGACCTCTGTAGTTA-1	SeuratProject	1589	734		M10_CL-like4	GSM6592057	M10	p4_normal	normal	3.08370044052863	2316	748	0	0
CGGAGCAATTTAATCG-1	SeuratProject	3443	1734	Fibrosis	M10_CL-like4	GSM6592057	M10	p4_normal	normal	4.76328783038048	3050	1705	0	0
CGGCAAACATCGTGCG-1	SeuratProject	1068	660		M10_CL-like4	GSM6592057	M10	p4_normal	normal	3.83895131086142	2216	685	0	0
CGGTCCGTCGCAAGCC-1	SeuratProject	11904	4309		M10_CL-like4	GSM6592057	M10	p4_normal	normal	2.9317876344086	2684	1492	0	0
CGGTGCGCGTTGGTCC-1	SeuratProject	7248	2899	Fibrosis	M10_CL-like4	GSM6592057	M10	p4_normal	normal	4.81512141280353	3203	1909	0	0
CGGTTTACTGAACATT-1	SeuratProject	4665	2099		M10_CL-like4	GSM6592057	M10	p4_normal	normal	4.58735262593783	3241	2007	0	0
CGTAAATAACAAAGGG-1	SeuratProject	536	309		M10_CL-like4	GSM6592057	M10	p4_normal	normal	4.85074626865672	2029	482	0	0
CGTATTGTTTGGCGCC-1	SeuratProject	2250	1173		M10_CL-like4	GSM6592057	M10	p4_normal	normal	5.73333333333333	2415	1160	2	2
CGTCACGTCCATTGGT-1	SeuratProject	3164	1479		M10_CL-like4	GSM6592057	M10	p4_normal	normal	2.68647281921618	2909	1459	0	0
CGTGAACTGACCCGAT-1	SeuratProject	1078	700		M10_CL-like4	GSM6592057	M10	p4_normal	normal	8.99814471243043	2186	737	0	0
CGTGACCAGTCCTCTG-1	SeuratProject	6612	2059		M10_CL-like4	GSM6592057	M10	p4_normal	normal	1.89050211736237	3132	1537	0	0
CGTTTGTGTAGAGGGT-1	SeuratProject	14632	5097	Normal Epithelium	M10_CL-like4	GSM6592057	M10	p4_normal	normal	2.70639693821761	3006	1904	1	1
CTAACTGGTCCGGTTC-1	SeuratProject	1882	1075	Fibrosis	M10_CL-like4	GSM6592057	M10	p4_normal	normal	6.64187035069075	2256	1062	0	0
CTACAAGAAATAACCC-1	SeuratProject	6934	2918	Fibrosis	M10_CL-like4	GSM6592057	M10	p4_normal	normal	6.43207383905394	3456	2202	1	1
CTAGTTACAACCCGGT-1	SeuratProject	1566	972	Fibrosis	M10_CL-like4	GSM6592057	M10	p4_normal	normal	5.49169859514687	2161	976	0	0
CTATGCCCGAATGCAA-1	SeuratProject	790	527		M10_CL-like4	GSM6592057	M10	p4_normal	normal	2.91139240506329	2018	627	0	0
CTATTCATGTGTCCCA-1	SeuratProject	1886	1079	Fibrosis	M10_CL-like4	GSM6592057	M10	p4_normal	normal	5.14316012725345	2266	1059	0	0
CTCCTCCAGCTCACAC-1	SeuratProject	5419	2267		M10_CL-like4	GSM6592057	M10	p4_normal	normal	2.80494556191179	3392	2082	0	0
CTCGCCGAATGTAGGG-1	SeuratProject	1676	966		M10_CL-like4	GSM6592057	M10	p4_normal	normal	5.90692124105012	2221	962	0	0
CTCTATTTGGCTGCAG-1	SeuratProject	996	608	Fibrosis	M10_CL-like4	GSM6592057	M10	p4_normal	normal	7.53012048192771	2152	667	0	0
CTCTTGTCCCGCTTGG-1	SeuratProject	2695	1504		M10_CL-like4	GSM6592057	M10	p4_normal	normal	4.23005565862709	2670	1481	0	0
CTGAATCCGAGACCTC-1	SeuratProject	4748	2107		M10_CL-like4	GSM6592057	M10	p4_normal	normal	2.71693344566133	3288	2037	0	0
CTGCACTCCAGTACAG-1	SeuratProject	1136	713		M10_CL-like4	GSM6592057	M10	p4_normal	normal	5.98591549295775	2224	734	0	0
CTGGATTTACACTTGA-1	SeuratProject	2036	1284		M10_CL-like4	GSM6592057	M10	p4_normal	normal	2.65225933202358	2268	1266	0	0
CTGGCTGGTTGTCAGT-1	SeuratProject	10482	4573	Normal Epithelium	M10_CL-like4	GSM6592057	M10	p4_normal	normal	0.963556573173059	2668	1750	1	1
CTGTAGCCATCTCACT-1	SeuratProject	4127	1968	Fibrosis	M10_CL-like4	GSM6592057	M10	p4_normal	normal	4.04652289798885	3229	1926	0	0
CTGTTACCCAATCTAG-1	SeuratProject	6815	2865	Fibrosis	M10_CL-like4	GSM6592057	M10	p4_normal	normal	3.88848129126926	3470	2228	0	0
CTTCCGCTCCGTGAAG-1	SeuratProject	3283	1720		M10_CL-like4	GSM6592057	M10	p4_normal	normal	3.07645446238197	3007	1704	0	0
CTTCTATTAATGCTAG-1	SeuratProject	11459	4701		M10_CL-like4	GSM6592057	M10	p4_normal	normal	1.61445152282049	2743	1747	1	1
CTTGCCCAGGCTCTAC-1	SeuratProject	881	521	Fibrosis	M10_CL-like4	GSM6592057	M10	p4_normal	normal	4.54029511918275	2103	583	0	0
CTTGGCCAAGCTGGGA-1	SeuratProject	2354	1246		M10_CL-like4	GSM6592057	M10	p4_normal	normal	6.28717077315208	2474	1233	0	0
CTTGTCAACATTCGAG-1	SeuratProject	620	434	Fibrosis	M10_CL-like4	GSM6592057	M10	p4_normal	normal	3.54838709677419	1872	567	0	0
CTTTCTGTGCGGGCTT-1	SeuratProject	1608	971	Fibrosis	M10_CL-like4	GSM6592057	M10	p4_normal	normal	4.78855721393035	2149	964	0	0
GAAACCGAATTACCTT-1	SeuratProject	981	572		M10_CL-like4	GSM6592057	M10	p4_normal	normal	5.5045871559633	2206	618	0	0
GAAACCTATACAAATG-1	SeuratProject	2651	1303	Fibrosis	M10_CL-like4	GSM6592057	M10	p4_normal	normal	5.58279894379479	2627	1277	0	0
GAAAGCAGTGCACTTT-1	SeuratProject	5487	2412		M10_CL-like4	GSM6592057	M10	p4_normal	normal	2.8795334426827	3421	2218	0	0
GAAGCCTGCACATTCC-1	SeuratProject	2563	1529	Normal Epithelium	M10_CL-like4	GSM6592057	M10	p4_normal	normal	4.72103004291846	2557	1502	0	0
GAAGTCAGTTGCACTA-1	SeuratProject	5016	2590	Normal Epithelium	M10_CL-like4	GSM6592057	M10	p4_normal	normal	2.93062200956938	3483	2470	0	0
GAATTCACCCGGGTGT-1	SeuratProject	4192	1756	Fibrosis	M10_CL-like4	GSM6592057	M10	p4_normal	normal	3.64980916030534	3173	1727	0	0
GACACTGAGTTCAGTG-1	SeuratProject	881	503		M10_CL-like4	GSM6592057	M10	p4_normal	normal	5.90238365493757	2134	571	0	0
GACATCGATTTATAAC-1	SeuratProject	2218	1478		M10_CL-like4	GSM6592057	M10	p4_normal	normal	2.29936880072137	2321	1454	0	0
GACGACGATCCGCGTT-1	SeuratProject	1173	749	Fibrosis	M10_CL-like4	GSM6592057	M10	p4_normal	normal	3.75106564364876	2271	775	0	0
GACGCCGTAAAGGCTA-1	SeuratProject	5297	2722	Normal Epithelium	M10_CL-like4	GSM6592057	M10	p4_normal	normal	2.35982631678308	3554	2548	1	1
GACGGGTTGGCCCGTA-1	SeuratProject	1928	1004	Fibrosis	M10_CL-like4	GSM6592057	M10	p4_normal	normal	4.82365145228216	2309	988	0	0
GAGACTTCGCGACCGA-1	SeuratProject	2904	1709		M10_CL-like4	GSM6592057	M10	p4_normal	normal	2.8236914600551	2824	1680	0	0
GAGATCGATCTTACTC-1	SeuratProject	2975	1601		M10_CL-like4	GSM6592057	M10	p4_normal	normal	4.53781512605042	2847	1571	2	2
GAGATGGGAGTCGACA-1	SeuratProject	460	348	Fibrosis	M10_CL-like4	GSM6592057	M10	p4_normal	normal	3.91304347826087	1754	529	0	0
GAGTATGCCCGCCTTG-1	SeuratProject	8987	3009	Fibrosis	M10_CL-like4	GSM6592057	M10	p4_normal	normal	1.96951151663514	2416	1052	0	0
GAGTCAGACCAGAATC-1	SeuratProject	6216	1969		M10_CL-like4	GSM6592057	M10	p4_normal	normal	2.12355212355212	3139	1558	0	0
GAGTCCGCTTACCGGA-1	SeuratProject	1124	623	Fibrosis	M10_CL-like4	GSM6592057	M10	p4_normal	normal	5.69395017793594	2294	648	0	0
GATACGATGGGAGTCA-1	SeuratProject	909	431		M10_CL-like4	GSM6592057	M10	p4_normal	normal	3.41034103410341	2304	515	0	0
GATAGGTAACGTTGAC-1	SeuratProject	2825	1406	Fibrosis	M10_CL-like4	GSM6592057	M10	p4_normal	normal	4.99115044247788	2775	1391	0	0
GATATCAAGCAGGAGC-1	SeuratProject	749	544		M10_CL-like4	GSM6592057	M10	p4_normal	normal	7.34312416555407	1884	648	0	0
GATCTGCTATCTAAGG-1	SeuratProject	3163	1423		M10_CL-like4	GSM6592057	M10	p4_normal	normal	3.69901991779956	2893	1403	0	0
GATTTGCGCTAACACC-1	SeuratProject	1633	791		M10_CL-like4	GSM6592057	M10	p4_normal	normal	5.32761788120025	2287	791	0	0
GCAAACCTTGGCCATA-1	SeuratProject	1285	807		M10_CL-like4	GSM6592057	M10	p4_normal	normal	4.74708171206226	2324	814	0	0
GCAAACGTAAGCGACC-1	SeuratProject	3496	1872		M10_CL-like4	GSM6592057	M10	p4_normal	normal	6.35011441647597	3095	1839	2	2
GCACGCCTACTTAGAT-1	SeuratProject	23608	6646	Normal Epithelium	M10_CL-like4	GSM6592057	M10	p4_normal	normal	2.7067095899695	2827	1766	1	1
GCCATCGAGCTGCGTG-1	SeuratProject	6389	3115		M10_CL-like4	GSM6592057	M10	p4_normal	normal	2.03474722178745	3630	2625	0	0
GCCCGATCTGTGGTCG-1	SeuratProject	1962	1192	Fibrosis	M10_CL-like4	GSM6592057	M10	p4_normal	normal	4.99490316004078	2272	1177	0	0
GCCCGCGCGTAAACGG-1	SeuratProject	13019	4469	Fibrosis	M10_CL-like4	GSM6592057	M10	p4_normal	normal	2.41954067132652	2813	1639	0	0
GCGACGATAGTTGTAC-1	SeuratProject	3799	1893		M10_CL-like4	GSM6592057	M10	p4_normal	normal	1.89523558831271	3179	1863	0	0
GCGGACCGCGTTGTGG-1	SeuratProject	4739	2119	Fibrosis	M10_CL-like4	GSM6592057	M10	p4_normal	normal	4.05148765562355	3276	2047	0	0
GCGGGCGAGCCTTACC-1	SeuratProject	3767	1983		M10_CL-like4	GSM6592057	M10	p4_normal	normal	3.05282718343509	3204	1955	0	0
GCGGTTCCCTATCATG-1	SeuratProject	3116	1302		M10_CL-like4	GSM6592057	M10	p4_normal	normal	2.9204107830552	2884	1289	0	0
GCGTCGCCAGGGTGAT-1	SeuratProject	2320	1343	Fibrosis	M10_CL-like4	GSM6592057	M10	p4_normal	normal	4.35344827586207	2424	1328	0	0
GCTAGCTTGAATAGCT-1	SeuratProject	8750	3577	Fibrosis	M10_CL-like4	GSM6592057	M10	p4_normal	normal	3.49714285714286	2504	1388	1	1
GCTCAATCCGTTTATT-1	SeuratProject	5342	2024	Fibrosis	M10_CL-like4	GSM6592057	M10	p4_normal	normal	4.00599026581805	3244	1811	0	0
GCTCAATGTAATACCG-1	SeuratProject	3322	1590		M10_CL-like4	GSM6592057	M10	p4_normal	normal	3.19084888621312	2969	1573	0	0
GCTCATTGATCATATC-1	SeuratProject	515	333		M10_CL-like4	GSM6592057	M10	p4_normal	normal	6.01941747572816	1943	515	0	0
GCTCTTTCCGCTAGTG-1	SeuratProject	8250	2984		M10_CL-like4	GSM6592057	M10	p4_normal	normal	1.01818181818182	2502	1163	0	0
GCTGAAGGGTTCTTGG-1	SeuratProject	2182	1249		M10_CL-like4	GSM6592057	M10	p4_normal	normal	7.28689275893676	2354	1232	2	2
GCTGCGAAGAATTATT-1	SeuratProject	513	338		M10_CL-like4	GSM6592057	M10	p4_normal	normal	5.0682261208577	1922	527	0	0
GCTGCTAAGTAGTCGA-1	SeuratProject	4665	1996		M10_CL-like4	GSM6592057	M10	p4_normal	normal	3.04394426580922	3210	1918	0	0
GCTGCTACTGCGTAGC-1	SeuratProject	1506	953		M10_CL-like4	GSM6592057	M10	p4_normal	normal	6.57370517928287	2119	951	0	0
GCTGGCGGCGCATGCT-1	SeuratProject	3031	1633	Fibrosis	M10_CL-like4	GSM6592057	M10	p4_normal	normal	4.02507423292643	2885	1611	2	2
GGAACCGTGTAAATTG-1	SeuratProject	4081	1848		M10_CL-like4	GSM6592057	M10	p4_normal	normal	1.51923548149963	3158	1796	0	0
GGACAAGCCATGATCG-1	SeuratProject	2661	1542		M10_CL-like4	GSM6592057	M10	p4_normal	normal	5.71213829387448	2634	1514	0	0
GGACCAACAGGATAAC-1	SeuratProject	994	654		M10_CL-like4	GSM6592057	M10	p4_normal	normal	4.32595573440644	2170	707	0	0
GGCCGTTTGGGTTTCA-1	SeuratProject	3563	1756	Fibrosis	M10_CL-like4	GSM6592057	M10	p4_normal	normal	5.30451866404715	3093	1727	1	1
GGCGCGTTCGAGTTTA-1	SeuratProject	2450	1287	Fibrosis	M10_CL-like4	GSM6592057	M10	p4_normal	normal	4.57142857142857	2511	1274	0	0
GGCTGTCCTACTGCGG-1	SeuratProject	3005	1319		M10_CL-like4	GSM6592057	M10	p4_normal	normal	3.96006655574043	2833	1297	0	0
GGCTTTCAATAAGGGT-1	SeuratProject	3055	1589		M10_CL-like4	GSM6592057	M10	p4_normal	normal	6.41571194762684	2887	1562	0	0
GGGACCCGTATATCTT-1	SeuratProject	5397	2472		M10_CL-like4	GSM6592057	M10	p4_normal	normal	3.40930146377617	3498	2317	0	0
GGGATGGTCGTAACCG-1	SeuratProject	2713	1204	Fibrosis	M10_CL-like4	GSM6592057	M10	p4_normal	normal	4.16513085145595	2687	1185	0	0
GGGCAGAGCAATCGTT-1	SeuratProject	3821	1884		M10_CL-like4	GSM6592057	M10	p4_normal	normal	4.47526825438367	3181	1849	2	2
GGGCGATCCATAGGCC-1	SeuratProject	3353	1697		M10_CL-like4	GSM6592057	M10	p4_normal	normal	5.8455114822547	3009	1674	2	2
GGGCGGCAAATGAATT-1	SeuratProject	5564	2127	Fibrosis	M10_CL-like4	GSM6592057	M10	p4_normal	normal	2.37239396117901	3328	1909	0	0
GGGCGTCACCACGTAA-1	SeuratProject	2257	1208		M10_CL-like4	GSM6592057	M10	p4_normal	normal	1.63934426229508	2417	1191	0	0
GGGCTATGATCGATGG-1	SeuratProject	3320	1585	Fibrosis	M10_CL-like4	GSM6592057	M10	p4_normal	normal	4.18674698795181	2978	1558	0	0
GGGTCAGGAGCTAGAT-1	SeuratProject	9488	2808		M10_CL-like4	GSM6592057	M10	p4_normal	normal	1.65472175379427	2410	894	0	0
GGGTGACACCTTAACT-1	SeuratProject	1837	980	Fibrosis	M10_CL-like4	GSM6592057	M10	p4_normal	normal	3.42950462710942	2277	970	0	0
GGGTTAACATTTGAGT-1	SeuratProject	4252	2056		M10_CL-like4	GSM6592057	M10	p4_normal	normal	3.33960489181562	3281	2007	0	0
GGTAGAAGACCGCCTG-1	SeuratProject	2340	1201	Fibrosis	M10_CL-like4	GSM6592057	M10	p4_normal	normal	5.85470085470085	2456	1182	0	0
GGTAGACCGTTGGGCG-1	SeuratProject	5790	2849	Normal Epithelium	M10_CL-like4	GSM6592057	M10	p4_normal	normal	1.96891191709845	3596	2543	0	0
GGTAGGCCAATATCAC-1	SeuratProject	414	266		M10_CL-like4	GSM6592057	M10	p4_normal	normal	4.34782608695652	1889	463	0	0
GGTCAGTGGGTCCCAC-1	SeuratProject	1284	713	Fibrosis	M10_CL-like4	GSM6592057	M10	p4_normal	normal	5.68535825545171	2386	731	0	0
GGTCGGTCGTCCACAG-1	SeuratProject	3038	1711		M10_CL-like4	GSM6592057	M10	p4_normal	normal	2.60039499670836	2888	1687	0	0
GTAACAGGTTAACGGC-1	SeuratProject	1442	697		M10_CL-like4	GSM6592057	M10	p4_normal	normal	4.92371705963939	2270	714	0	0
GTAATCTGATTCTTCG-1	SeuratProject	3496	1626	Fibrosis	M10_CL-like4	GSM6592057	M10	p4_normal	normal	3.37528604118993	3037	1600	0	0
GTAGCCAAACATGGGA-1	SeuratProject	735	482	Fibrosis	M10_CL-like4	GSM6592057	M10	p4_normal	normal	4.62585034013605	1948	583	0	0
GTATTCTGAGAAACGA-1	SeuratProject	1692	987		M10_CL-like4	GSM6592057	M10	p4_normal	normal	5.96926713947991	2221	978	0	0
GTCACTCATGAGCGAT-1	SeuratProject	3166	1684		M10_CL-like4	GSM6592057	M10	p4_normal	normal	4.57991156032849	2940	1655	2	2
GTCGCCGTTGTGTGTT-1	SeuratProject	10345	4155	Fibrosis	M10_CL-like4	GSM6592057	M10	p4_normal	normal	3.51860802319961	2621	1535	1	1
GTCGGGAAGCAGAAAC-1	SeuratProject	3498	1840	Fibrosis	M10_CL-like4	GSM6592057	M10	p4_normal	normal	4.14522584333905	3085	1809	0	0
GTCTATACACGCATGG-1	SeuratProject	300	208		M10_CL-like4	GSM6592057	M10	p4_normal	normal	6.66666666666667	1785	463	0	0
GTCTGGGCGGTCGAGA-1	SeuratProject	1658	971	Fibrosis	M10_CL-like4	GSM6592057	M10	p4_normal	normal	5.54885404101327	2202	964	0	0
GTGACTTCAGTAGTGC-1	SeuratProject	5996	2253		M10_CL-like4	GSM6592057	M10	p4_normal	normal	2.98532354903269	3345	1913	0	0
GTGAGTGGTACAACGC-1	SeuratProject	11667	4921	Normal Epithelium	M10_CL-like4	GSM6592057	M10	p4_normal	normal	0.985686123253621	2803	1901	1	1
GTGATCATAGATCTGC-1	SeuratProject	996	588		M10_CL-like4	GSM6592057	M10	p4_normal	normal	5.62248995983936	2191	630	0	0
GTGATTCGCCGCTCAA-1	SeuratProject	4307	1828	Fibrosis	M10_CL-like4	GSM6592057	M10	p4_normal	normal	5.43301602043185	3175	1789	0	0
GTGGACGCATTTGTCC-1	SeuratProject	1991	1128	Fibrosis	M10_CL-like4	GSM6592057	M10	p4_normal	normal	5.02260170768458	2296	1114	2	2
GTGGAGTCGGCGGTTG-1	SeuratProject	18394	5758	Normal Epithelium	M10_CL-like4	GSM6592057	M10	p4_normal	normal	3.06621724475372	3012	1926	1	1
GTGGTATAGTCTGCCG-1	SeuratProject	17375	5576	Normal Epithelium	M10_CL-like4	GSM6592057	M10	p4_normal	normal	3.21726618705036	3098	1960	1	1
GTTACTTTGGGCCTAG-1	SeuratProject	240	182		M10_CL-like4	GSM6592057	M10	p4_normal	normal	5	1712	476	0	0
GTTATATTATCTCCCT-1	SeuratProject	3850	1903	Fibrosis	M10_CL-like4	GSM6592057	M10	p4_normal	normal	2.51948051948052	3196	1865	0	0
GTTGGTCATGCTATCC-1	SeuratProject	3319	1694	Fibrosis	M10_CL-like4	GSM6592057	M10	p4_normal	normal	4.63995179270865	3016	1667	2	2
GTTTACGTTCCATCTG-1	SeuratProject	892	544	Fibrosis	M10_CL-like4	GSM6592057	M10	p4_normal	normal	5.15695067264574	2078	600	0	0
GTTTCTTGTTAGAGCT-1	SeuratProject	2220	1174		M10_CL-like4	GSM6592057	M10	p4_normal	normal	7.16216216216216	2399	1163	2	2
GTTTGGGCTTGTGAGC-1	SeuratProject	938	611	Fibrosis	M10_CL-like4	GSM6592057	M10	p4_normal	normal	4.05117270788913	2098	651	0	0
GTTTGGTAGGGTCAAC-1	SeuratProject	2793	1529		M10_CL-like4	GSM6592057	M10	p4_normal	normal	3.7593984962406	2749	1509	0	0
TAAACCCAGGAGGGCA-1	SeuratProject	6795	2535	Fibrosis	M10_CL-like4	GSM6592057	M10	p4_normal	normal	5.44518027961737	3344	1913	0	0
TAAAGCGGTATTTCCA-1	SeuratProject	10090	3714		M10_CL-like4	GSM6592057	M10	p4_normal	normal	1.83349851337958	2532	1320	0	0
TAAGGCATAACATCAA-1	SeuratProject	4415	1935	Fibrosis	M10_CL-like4	GSM6592057	M10	p4_normal	normal	5.27746319365798	3194	1889	0	0
TAATAGAACAGAGTTA-1	SeuratProject	13975	4927	Normal Epithelium	M10_CL-like4	GSM6592057	M10	p4_normal	normal	4.67978533094812	2865	1751	1	1
TAATTGCGCTGATTAC-1	SeuratProject	1182	721		M10_CL-like4	GSM6592057	M10	p4_normal	normal	7.10659898477157	2287	760	0	0
TACCAAATAGCCCAGA-1	SeuratProject	4099	1901		M10_CL-like4	GSM6592057	M10	p4_normal	normal	4.48889973164186	3205	1865	0	0
TACCAGAAGTAGGTTC-1	SeuratProject	1613	1049		M10_CL-like4	GSM6592057	M10	p4_normal	normal	2.23186608803472	2127	1045	0	0
TACCGGCTCACTGCCC-1	SeuratProject	1755	1035	Fibrosis	M10_CL-like4	GSM6592057	M10	p4_normal	normal	7.40740740740741	2235	1029	0	0
TACCGTAGGTTAACTA-1	SeuratProject	3728	1728	Normal Epithelium	M10_CL-like4	GSM6592057	M10	p4_normal	normal	4.93562231759657	3098	1700	0	0
TACCGTGCCTCGGACC-1	SeuratProject	809	571	Fibrosis	M10_CL-like4	GSM6592057	M10	p4_normal	normal	5.56242274412855	1943	652	0	0
TACCTACTCCCAGTAT-1	SeuratProject	2972	1667	Fibrosis	M10_CL-like4	GSM6592057	M10	p4_normal	normal	4.17227456258412	2862	1645	2	2
TACCTCAGTTGTCTGT-1	SeuratProject	1325	832	Fibrosis	M10_CL-like4	GSM6592057	M10	p4_normal	normal	4.75471698113208	2262	844	0	0
TACGACGCTTGCTGCG-1	SeuratProject	1965	1001	Fibrosis	M10_CL-like4	GSM6592057	M10	p4_normal	normal	3.76590330788804	2334	989	0	0
TACGCCTCCATTCCGA-1	SeuratProject	2874	1492	Fibrosis	M10_CL-like4	GSM6592057	M10	p4_normal	normal	4.00139178844816	2794	1471	0	0
TACGCTCCTAGAACTG-1	SeuratProject	331	233		M10_CL-like4	GSM6592057	M10	p4_normal	normal	4.22960725075529	1717	479	0	0
TACTATGGTTCCTCAG-1	SeuratProject	6439	1993	Fibrosis	M10_CL-like4	GSM6592057	M10	p4_normal	normal	2.60910079204845	3148	1503	0	0
TACTCTTTCGTCTTCA-1	SeuratProject	3693	1866	Fibrosis	M10_CL-like4	GSM6592057	M10	p4_normal	normal	5.65935553750338	3139	1830	0	0
TACTGAACAGATTTAG-1	SeuratProject	4057	2142	Fibrosis	M10_CL-like4	GSM6592057	M10	p4_normal	normal	4.31353216662559	3283	2100	1	1
TACTGCATGATTAAAT-1	SeuratProject	3437	1401		M10_CL-like4	GSM6592057	M10	p4_normal	normal	2.53127727669479	2956	1385	0	0
TAGATATGGACTGGAA-1	SeuratProject	1884	1222		M10_CL-like4	GSM6592057	M10	p4_normal	normal	2.60084925690021	2210	1204	0	0
TAGCTAGAAGGCATGA-1	SeuratProject	5439	2999	Normal Epithelium	M10_CL-like4	GSM6592057	M10	p4_normal	normal	1.32377275234418	3673	2762	1	1
TAGCTAGTGATGATGG-1	SeuratProject	1459	883	Fibrosis	M10_CL-like4	GSM6592057	M10	p4_normal	normal	4.31802604523646	2169	888	0	0
TAGCTCGCCTGATAAC-1	SeuratProject	2623	1509	Fibrosis	M10_CL-like4	GSM6592057	M10	p4_normal	normal	3.58368280594739	2602	1485	0	0
TAGGTGTTCCACAGAT-1	SeuratProject	5977	2656	Normal Epithelium	M10_CL-like4	GSM6592057	M10	p4_normal	normal	4.60097038648151	3528	2332	0	0
TAGTTTGATCGGTCGC-1	SeuratProject	2712	1363		M10_CL-like4	GSM6592057	M10	p4_normal	normal	5.3834808259587	2685	1341	0	0
TATACACAGACGCCTT-1	SeuratProject	2084	1229	Fibrosis	M10_CL-like4	GSM6592057	M10	p4_normal	normal	3.21497120921305	2308	1207	0	0
TATAGAGTCGCTTGAA-1	SeuratProject	925	398		M10_CL-like4	GSM6592057	M10	p4_normal	normal	9.94594594594595	2027	467	0	0
TATCCGCACCGTCGGG-1	SeuratProject	1881	1022	Fibrosis	M10_CL-like4	GSM6592057	M10	p4_normal	normal	4.62519936204147	2282	1011	0	0
TATTAACCTGACCGCG-1	SeuratProject	6128	2404	Fibrosis	M10_CL-like4	GSM6592057	M10	p4_normal	normal	4.09595300261097	3417	2048	1	1
TATTCCACTCAGCTCG-1	SeuratProject	2042	1223	Fibrosis	M10_CL-like4	GSM6592057	M10	p4_normal	normal	4.35847208619001	2306	1206	0	0
TCAACATAGCGCCCTA-1	SeuratProject	5058	2415	Fibrosis	M10_CL-like4	GSM6592057	M10	p4_normal	normal	5.14037168841439	3409	2287	1	1
TCAATACGCCGTCATG-1	SeuratProject	1430	709		M10_CL-like4	GSM6592057	M10	p4_normal	normal	3.91608391608392	2306	726	0	0
TCACAGCAAACTCGAA-1	SeuratProject	4177	2494		M10_CL-like4	GSM6592057	M10	p4_normal	normal	1.31673449844386	3395	2427	1	1
TCACAGGAGAATAAGA-1	SeuratProject	4958	2528		M10_CL-like4	GSM6592057	M10	p4_normal	normal	2.25897539330375	3423	2398	0	0
TCACCCTCTTAAGATT-1	SeuratProject	1724	791		M10_CL-like4	GSM6592057	M10	p4_normal	normal	9.33874709976798	2355	794	0	0
TCAGCTTGAGCTTTCG-1	SeuratProject	1071	653		M10_CL-like4	GSM6592057	M10	p4_normal	normal	8.30999066293184	2243	697	0	0
TCAGTAGGGACTATAA-1	SeuratProject	2334	990		M10_CL-like4	GSM6592057	M10	p4_normal	normal	4.92716366752356	2499	980	0	0
TCCAATAAAGGCTACC-1	SeuratProject	12954	4225		M10_CL-like4	GSM6592057	M10	p4_normal	normal	3.71313879882662	2723	1428	0	0
TCCAATGCGTCGCCGC-1	SeuratProject	4814	1619		M10_CL-like4	GSM6592057	M10	p4_normal	normal	2.65891150810137	3156	1522	0	0
TCCACCTCTAGCCTTT-1	SeuratProject	2356	1173	Fibrosis	M10_CL-like4	GSM6592057	M10	p4_normal	normal	4.24448217317487	2483	1163	0	0
TCCGCTGGGTCGATCG-1	SeuratProject	3137	1541		M10_CL-like4	GSM6592057	M10	p4_normal	normal	5.16416958877909	2934	1525	2	2
TCCGCTTATCCCATTA-1	SeuratProject	1137	774		M10_CL-like4	GSM6592057	M10	p4_normal	normal	5.10114335971856	2232	808	0	0
TCCGGTTCGTCCGGTC-1	SeuratProject	6025	3064	Normal Epithelium	M10_CL-like4	GSM6592057	M10	p4_normal	normal	1.79253112033195	3701	2705	1	1
TCCTAAATTGGGAAGC-1	SeuratProject	3595	1667	Tumor cells ?	M10_CL-like4	GSM6592057	M10	p4_normal	normal	3.78303198887343	3070	1621	2	2
TCCTAACCGTCGGGCA-1	SeuratProject	2783	1406		M10_CL-like4	GSM6592057	M10	p4_normal	normal	6.03665109593963	2739	1384	0	0
TCGAATCGCAGGGTAG-1	SeuratProject	801	442		M10_CL-like4	GSM6592057	M10	p4_normal	normal	4.74406991260924	2137	527	0	0
TCGAGTCTACGATTCG-1	SeuratProject	713	524		M10_CL-like4	GSM6592057	M10	p4_normal	normal	6.45161290322581	1838	629	0	0
TCGGAGTCCTGGTTGC-1	SeuratProject	2039	1087		M10_CL-like4	GSM6592057	M10	p4_normal	normal	4.61010299166258	2317	1071	2	2
TCGGATCTGGATGACC-1	SeuratProject	2207	1321		M10_CL-like4	GSM6592057	M10	p4_normal	normal	6.79655641141821	2345	1297	2	2
TCGTCAAGTACGCGCA-1	SeuratProject	7739	3250	Fibrosis	M10_CL-like4	GSM6592057	M10	p4_normal	normal	5.47874402377568	2977	1798	1	1
TCGTTAGGAGTCCCTA-1	SeuratProject	8443	4068	Normal Epithelium	M10_CL-like4	GSM6592057	M10	p4_normal	normal	1.18441312329741	2495	1623	1	1
TCGTTGCTATCCGGTC-1	SeuratProject	4023	2079		M10_CL-like4	GSM6592057	M10	p4_normal	normal	3.18170519512801	3263	2045	0	0
TCTAGCATGCCCAGAA-1	SeuratProject	1021	628	Fibrosis	M10_CL-like4	GSM6592057	M10	p4_normal	normal	5.9745347698335	2164	673	0	0
TCTGTTACCCAGCATA-1	SeuratProject	2052	1193	Fibrosis	M10_CL-like4	GSM6592057	M10	p4_normal	normal	6.18908382066277	2315	1183	0	0
TCTTTCATCCGTCCTT-1	SeuratProject	6397	2852		M10_CL-like4	GSM6592057	M10	p4_normal	normal	4.20509613881507	3520	2341	2	2
TGAGCGGAAAGTGTTC-1	SeuratProject	2562	1410		M10_CL-like4	GSM6592057	M10	p4_normal	normal	5.11319281811085	2570	1395	2	2
TGAGGAGTGCCAGCTT-1	SeuratProject	4099	1849		M10_CL-like4	GSM6592057	M10	p4_normal	normal	2.58599658453281	3194	1811	0	0
TGAGTAAATTAGCGTA-1	SeuratProject	5402	2213		M10_CL-like4	GSM6592057	M10	p4_normal	normal	4.55386893743058	3389	2050	0	0
TGATACATTTAGCCGT-1	SeuratProject	24297	6736	Normal Epithelium	M10_CL-like4	GSM6592057	M10	p4_normal	normal	2.53940815738569	2832	1756	1	1
TGATTCTGTCGCCGGT-1	SeuratProject	5442	2212	Fibrosis	M10_CL-like4	GSM6592057	M10	p4_normal	normal	2.24182285924293	3371	2025	0	0
TGCAAACGTACTAGTT-1	SeuratProject	2290	1003		M10_CL-like4	GSM6592057	M10	p4_normal	normal	3.88646288209607	2481	997	0	0
TGCCAATGGGTACTCT-1	SeuratProject	6387	3105	Normal Epithelium	M10_CL-like4	GSM6592057	M10	p4_normal	normal	2.47377485517457	3672	2606	1	1
TGCCAGTACGTGGAGA-1	SeuratProject	291	248	Fibrosis	M10_CL-like4	GSM6592057	M10	p4_normal	normal	3.43642611683849	1533	519	0	0
TGCCGTGGATCGTCCT-1	SeuratProject	1701	1039	Fibrosis	M10_CL-like4	GSM6592057	M10	p4_normal	normal	4.35038212815991	2214	1032	2	2
TGCGACACCCTAGTGC-1	SeuratProject	1418	702		M10_CL-like4	GSM6592057	M10	p4_normal	normal	3.4555712270804	2304	709	0	0
TGCGAGAATATTACCC-1	SeuratProject	12689	4715	Normal Epithelium	M10_CL-like4	GSM6592057	M10	p4_normal	normal	2.75041374418788	2795	1739	1	1
TGCTCGGCGAAACCCA-1	SeuratProject	3627	1802	Fibrosis	M10_CL-like4	GSM6592057	M10	p4_normal	normal	3.63937138130687	3122	1775	2	2
TGGCGACTGCTCCAAA-1	SeuratProject	5331	2437	Fibrosis	M10_CL-like4	GSM6592057	M10	p4_normal	normal	2.269743012568	3437	2263	0	0
TGGCGATCAAGTTATG-1	SeuratProject	3783	2210		M10_CL-like4	GSM6592057	M10	p4_normal	normal	2.59053661115517	3264	2169	0	0
TGGCTTATGTATAATG-1	SeuratProject	1105	754		M10_CL-like4	GSM6592057	M10	p4_normal	normal	7.60180995475113	2198	795	0	0
TGGTCCCACGCTACGG-1	SeuratProject	214	187	Fibrosis	M10_CL-like4	GSM6592057	M10	p4_normal	normal	4.20560747663551	1490	493	0	0
TGGTGCCCTGCCTTAC-1	SeuratProject	421	249		M10_CL-like4	GSM6592057	M10	p4_normal	normal	4.98812351543943	1940	462	0	0
TGGTTCAACGGGTAAT-1	SeuratProject	930	595	Fibrosis	M10_CL-like4	GSM6592057	M10	p4_normal	normal	5.05376344086022	2039	662	0	0
TGTAAGACTGATAAGA-1	SeuratProject	4950	1976		M10_CL-like4	GSM6592057	M10	p4_normal	normal	4.60606060606061	3246	1855	0	0
TGTCCGCAAACAATTC-1	SeuratProject	978	496		M10_CL-like4	GSM6592057	M10	p4_normal	normal	4.70347648261759	2291	567	0	0
TGTGAGACTAGCCCAA-1	SeuratProject	3414	1716		M10_CL-like4	GSM6592057	M10	p4_normal	normal	4.13005272407733	3028	1692	2	2
TGTGGCGGGCTTCTGG-1	SeuratProject	18356	3054		M10_CL-like4	GSM6592057	M10	p4_normal	normal	1.29657877533232	2347	441	0	0
TGTTCGTATTGCGGTG-1	SeuratProject	1684	990	Fibrosis	M10_CL-like4	GSM6592057	M10	p4_normal	normal	4.63182897862233	2222	979	0	0
TTAAAGGCGATGCTCG-1	SeuratProject	570	356		M10_CL-like4	GSM6592057	M10	p4_normal	normal	5.6140350877193	1981	516	0	0
TTACCCTAGGGATTGG-1	SeuratProject	3445	1685	Normal Epithelium	M10_CL-like4	GSM6592057	M10	p4_normal	normal	5.51523947750363	3033	1664	0	0
TTACTGGGATATTTCA-1	SeuratProject	598	421		M10_CL-like4	GSM6592057	M10	p4_normal	normal	6.35451505016722	1818	558	0	0
TTAGAAGAACATGACT-1	SeuratProject	1208	755	Fibrosis	M10_CL-like4	GSM6592057	M10	p4_normal	normal	5.4635761589404	2321	777	0	0
TTAGCATCCCTCACGT-1	SeuratProject	7702	3244		M10_CL-like4	GSM6592057	M10	p4_normal	normal	2.24616982601922	3079	1851	2	2
TTCACTCGAGCACCTA-1	SeuratProject	1761	1029	Tumor cells ?	M10_CL-like4	GSM6592057	M10	p4_normal	normal	4.88358886996025	2246	1019	0	0
TTCCAATCTGGCTATC-1	SeuratProject	4821	1848	Fibrosis	M10_CL-like4	GSM6592057	M10	p4_normal	normal	2.24019912881145	3217	1764	0	0
TTCCACACAGATTTGA-1	SeuratProject	1371	872		M10_CL-like4	GSM6592057	M10	p4_normal	normal	4.23048869438366	2209	880	0	0
TTCCAGTGGGTTTCGT-1	SeuratProject	566	349		M10_CL-like4	GSM6592057	M10	p4_normal	normal	6.18374558303887	1993	496	0	0
TTCCGGCCTTGAGGCT-1	SeuratProject	5775	2714	Fibrosis	M10_CL-like4	GSM6592057	M10	p4_normal	normal	4	3585	2451	1	1
TTCGACAGAGCCCGTG-1	SeuratProject	1336	834		M10_CL-like4	GSM6592057	M10	p4_normal	normal	4.41616766467066	2227	851	0	0
TTCGCACTGTACGACA-1	SeuratProject	2395	1315	Normal Epithelium	M10_CL-like4	GSM6592057	M10	p4_normal	normal	4.75991649269311	2481	1306	0	0
TTCGCGCGCCATACGA-1	SeuratProject	2764	1435	Fibrosis	M10_CL-like4	GSM6592057	M10	p4_normal	normal	6.80173661360347	2718	1412	0	0
TTCGGGCGCTAGTCTT-1	SeuratProject	7688	3260	Fibrosis	M10_CL-like4	GSM6592057	M10	p4_normal	normal	4.40946930280957	3024	1832	1	1
TTCTAGAAAGTCTTAT-1	SeuratProject	3019	1583	Fibrosis	M10_CL-like4	GSM6592057	M10	p4_normal	normal	5.69725074527989	2869	1564	0	0
TTCTGCCGCGCCTAGA-1	SeuratProject	1024	653	Fibrosis	M10_CL-like4	GSM6592057	M10	p4_normal	normal	6.15234375	2142	701	0	0
TTCTTGAGCCGCGCTA-1	SeuratProject	1668	867	Fibrosis	M10_CL-like4	GSM6592057	M10	p4_normal	normal	5.51558752997602	2265	864	0	0
TTGACCGTGTTAATGA-1	SeuratProject	317	246		M10_CL-like4	GSM6592057	M10	p4_normal	normal	6.62460567823344	1671	488	0	0
TTGCGGCATCAGAAAG-1	SeuratProject	6309	2935	Fibrosis	M10_CL-like4	GSM6592057	M10	p4_normal	normal	2.26660326517673	3610	2501	1	1
TTGCGTCGGCCAACCG-1	SeuratProject	7380	3159	Normal Epithelium	M10_CL-like4	GSM6592057	M10	p4_normal	normal	4.30894308943089	3232	2056	1	1
TTGGATATCGTCTACG-1	SeuratProject	2376	1386		M10_CL-like4	GSM6592057	M10	p4_normal	normal	1.76767676767677	2446	1364	0	0
TTGGTCACACTCGTAA-1	SeuratProject	4038	1800		M10_CL-like4	GSM6592057	M10	p4_normal	normal	1.43635463100545	3170	1748	0	0
TTGTGTATGCCACCAA-1	SeuratProject	2530	1333		M10_CL-like4	GSM6592057	M10	p4_normal	normal	4.58498023715415	2544	1312	0	0
TTGTGTTTCCCGAAAG-1	SeuratProject	2416	1336	Fibrosis	M10_CL-like4	GSM6592057	M10	p4_normal	normal	3.5182119205298	2487	1316	0	0
TTGTTTCACATCCAGG-1	SeuratProject	8276	3378	Fibrosis	M10_CL-like4	GSM6592057	M10	p4_normal	normal	5.20782986950218	2669	1485	1	1
